<?xml version="1.0" encoding="UTF-8"?>
<project-private xmlns="http://www.netbeans.org/ns/project-private/1">
    <editor-bookmarks xmlns="http://www.netbeans.org/ns/editor-bookmarks/2" lastBookmarkId="0"/>
    <open-files xmlns="http://www.netbeans.org/ns/projectui-open-files/2">
        <group>
            <file>file:/home/bbloggsbott/NetBeansProjects/RAKU/web/signupPage.html</file>
            <file>file:/home/bbloggsbott/NetBeansProjects/RAKU/web/index.html</file>
            <file>file:/home/bbloggsbott/NetBeansProjects/RAKU/web/assets/css/searchResultStyle.css</file>
            <file>file:/home/bbloggsbott/NetBeansProjects/RAKU/web/loginPage.html</file>
            <file>file:/home/bbloggsbott/NetBeansProjects/RAKU/web/searchResult.html</file>
            <file>file:/home/bbloggsbott/NetBeansProjects/RAKU/src/java/DBUtil.java</file>
            <file>file:/home/bbloggsbott/NetBeansProjects/RAKU/web/WEB-INF/web.xml</file>
            <file>file:/home/bbloggsbott/NetBeansProjects/RAKU/src/java/LoginServlet.java</file>
            <file>file:/home/bbloggsbott/NetBeansProjects/RAKU/src/java/Dao.java</file>
            <file>file:/home/bbloggsbott/NetBeansProjects/RAKU/src/java/SignupServlet.java</file>
        </group>
    </open-files>
</project-private>
